6853,6813,7518,7259,9735,7318,10056,7493,10081,7496,10598,9387,10645,9625,0,10227,0,10324,0,10428,,,,,,,,,,,,,,,,,,,,,,,,,,,,,,,,,,,,,,,,,,,,,,,,,,,,,,,,,,,,,,,,,,,,,,,,,,,,,,,,,,,,,,,
6649,6638,6679,6739,6730,6813,6853,7079,7091,7259,7134,7318,7250,7479,7336,7493,7494,7496,7518,9387,9483,9603,9540,9625,9735,9781,9783,9907,10056,9981,10081,10083,10324,10227,10343,10428,10598,10466,10645,18667,25083,,,,,,,,,,,,,,,,,,,,,,,,,,,,,,,,,,,,,,,,,,,,,,,,,,,,,,,,,,,,,,,,,,
7019,4300,7152,6976,7465,7009,7492,7045,9824,7164,10128,7266,10147,9543,10449,9720,10678,9832,10708,10037,,,,,,,,,,,,,,,,,,,,,,,,,,,,,,,,,,,,,,,,,,,,,,,,,,,,,,,,,,,,,,,,,,,,,,,,,,,,,,,,,,,,,,,
5929,6688,6649,4300,6716,6638,6730,6739,6904,7009,6927,7079,7019,7134,7036,7161,7051,7205,7091,7250,7336,9540,7465,9564,7494,9603,9712,9781,9783,9907,9965,9981,10122,10083,10128,10449,10147,18667,10343,10466,0,0,25083,,,,,,,,,,,,,,,,,,,,,,,,,,,,,,,,,,,,,,,,,,,,,,,,,,,,,,,,,,,,,,,,
6730,6678,6737,6638,6649,6736,6756,6873,7008,6739,7071,6909,7091,7035,7134,7053,7151,7079,7158,7108,7204,7270,7206,7273,7250,7363,7281,7482,7336,7489,7494,7522,7530,9448,9434,9506,9519,9523,9540,9603,9604,9781,9660,9809,9783,9907,9870,9981,9991,10064,10210,10083,10286,10148,10289,10466,10315,10501,10343,10606,18492,18667,25083,,,,,,,,,,,,,,,,,,,,,,,,,,,,,,,,,,,,,,,,,,,,
7152,6723,7264,7045,7492,6976,9824,7164,10037,7240,10503,9543,10657,7266,10678,9698,10708,9720,0,9832,,,,,,,,,,,,,,,,,,,,,,,,,,,,,,,,,,,,,,,,,,,,,,,,,,,,,,,,,,,,,,,,,,,,,,,,,,,,,,,,,,,,,,,
6737,6736,6756,6678,7008,6873,7071,6909,7204,7035,7206,7053,7270,7108,7281,7151,7363,7158,7482,7273,7530,7489,9434,7522,9448,9506,9519,9523,9604,9660,9870,9809,9991,10064,10148,10289,10210,10315,10286,10501,18492,10606,,,,,,,,,,,,,,,,,,,,,,,,,,,,,,,,,,,,,,,,,,,,,,,,,,,,,,,,,,,,,,,,,
7161,7045,7019,6688,7152,7164,9564,7205,7492,7266,9824,9698,9965,9832,0,10037,10449,10657,10678,10708,,,,,,,,,,,,,,,,,,,,,,,,,,,,,,,,,,,,,,,,,,,,,,,,,,,,,,,,,,,,,,,,,,,,,,,,,,,,,,,,,,,,,,,
7091,6739,6730,7079,7134,9603,6649,6638,7250,9781,7336,9907,7494,9981,9540,10083,9783,10466,10343,18667,25083,,,,,,,,,,,,,,,,,,,,,,,,,,,,,,,,,,,,,,,,,,,,,,,,,,,,,,,,,,,,,,,,,,,,,,,,,,,,,,,,,,,,,,
9564,7205,6853,7318,7161,7493,9735,9387,10598,10227,10081,10324,0,10428,10645,,,,,,,,,,,,,,,,,,,,,,,,,,,,,,,,,,,,,,,,,,,,,,,,,,,,,,,,,,,,,,,,,,,,,,,,,,,,,,,,,,,,,,,,,,,,
6716,7009,5929,7205,6904,4300,6927,6688,7019,9712,7036,9965,7051,10122,7161,10128,7465,10147,9564,10449,,,,,,,,,,,,,,,,,,,,,,,,,,,,,,,,,,,,,,,,,,,,,,,,,,,,,,,,,,,,,,,,,,,,,,,,,,,,,,,,,,,,,,,
7071,6873,7091,9781,9540,7079,7134,9981,6649,6638,9604,10466,9783,0,25083,,,,,,,,,,,,,,,,,,,,,,,,,,,,,,,,,,,,,,,,,,,,,,,,,,,,,,,,,,,,,,,,,,,,,,,,,,,,,,,,,,,,,,,,,,,,
7134,7079,7250,9603,7091,6739,7336,9781,6730,9907,6649,6638,9540,10083,7494,9981,10343,18667,9783,10466,0,0,25083,,,,,,,,,,,,,,,,,,,,,,,,,,,,,,,,,,,,,,,,,,,,,,,,,,,,,,,,,,,,,,,,,,,,,,,,,,,,,,,,,,,,
6679,6909,6716,6736,5929,6688,6737,4300,6853,6813,6904,6873,6927,7009,7019,7035,7036,7071,7051,7151,7161,7205,7204,7259,7270,7273,7465,7318,7479,7363,7482,7493,7518,7496,7522,9387,9483,9564,9519,9523,9712,9625,9604,10056,9735,9809,9965,10081,9870,10122,10147,10128,10148,10227,10286,10324,10449,10428,10598,10645,,,,,,,,,,,,,,,,,,,,,,,,,,,,,,,,,,,,,,,,,,,,,,,
7250,9603,7134,9907,7336,9781,7091,10083,7494,7079,6730,6739,6649,6638,9783,10343,9540,9981,10466,0,0,18667,0,0,25083,,,,,,,,,,,,,,,,,,,,,,,,,,,,,,,,,,,,,,,,,,,,,,,,,,,,,,,,,,,,,,,,,,,,,,,,,,,,,,,,,,
6756,6976,7008,6723,7206,6678,7152,7053,7264,7045,7281,7108,7489,7158,7492,7164,7530,7240,9434,7266,9543,9448,9660,9506,9698,9720,9824,9832,9991,10037,10210,10064,10315,10289,10501,10503,10678,10606,10708,10657,0,0,18492,,,,,,,,,,,,,,,,,,,,,,,,,,,,,,,,,,,,,,,,,,,,,,,,,,,,,,,,,,,,,,,,
7008,7053,7051,6813,6756,7108,7161,6678,7071,7158,7152,7489,6730,6739,7206,9434,7281,9448,7530,9506,9540,9543,9824,9832,9660,9981,9991,10064,10122,10210,10315,10289,10501,10606,10645,0,18492,,,,,,,,,,,,,,,,,,,,,,,,,,,,,,,,,,,,,,,,,,,,,,,,,,,,,,,,,,,,,,,,,,,,,,
7204,7035,7071,6873,6737,6909,7270,6736,7482,7151,9519,7273,9604,7363,9870,7522,10148,9523,10286,9809,,,,,,,,,,,,,,,,,,,,,,,,,,,,,,,,,,,,,,,,,,,,,,,,,,,,,,,,,,,,,,,,,,,,,,,,,,,,,,,,,,,,,,,
6904,7151,6927,6909,7019,7035,5929,7009,6716,4300,6737,6688,7036,6736,7051,6873,7071,7204,7161,7205,7270,7273,7482,7363,7465,7522,9564,9604,9519,9523,9712,10122,9870,9809,9965,10128,10286,10148,10147,10449,,,,,,,,,,,,,,,,,,,,,,,,,,,,,,,,,,,,,,,,,,,,,,,,,,,,,,,,,,,,,,,,,,,
7270,7273,7530,7053,9434,7522,7008,9506,9604,6909,9870,9809,10286,10064,10501,10148,18492,10606,,,,,,,,,,,,,,,,,,,,,,,,,,,,,,,,,,,,,,,,,,,,,,,,,,,,,,,,,,,,,,,,,,,,,,,,,,,,,,,,,,,,,,,,,
7036,7108,6904,7266,6679,7479,7465,7489,5929,9448,6756,9603,7492,7079,7091,9712,9483,9698,9660,9781,9783,9981,9991,10122,9824,10128,10315,10289,10657,10466,,,,,,,,,,,,,,,,,,,,,,,,,,,,,,,,,,,,,,,,,,,,,,,,,,,,,,,,,,,,,,,,,,,,,,,,,,,,,
7482,7363,7204,7035,7071,7151,9519,7273,6737,6736,7270,7522,9870,6873,9604,6909,10286,9809,10148,9523,,,,,,,,,,,,,,,,,,,,,,,,,,,,,,,,,,,,,,,,,,,,,,,,,,,,,,,,,,,,,,,,,,,,,,,,,,,,,,,,,,,,,,,
9519,7522,7270,7151,7204,7273,7482,7035,9523,6873,9809,6736,6737,6909,7071,7363,9604,10148,9870,10286,,,,,,,,,,,,,,,,,,,,,,,,,,,,,,,,,,,,,,,,,,,,,,,,,,,,,,,,,,,,,,,,,,,,,,,,,,,,,,,,,,,,,,,
6927,7240,7036,9698,7051,6723,6716,9965,7161,6688,5929,7205,6904,10503,7264,10122,9564,0,9712,10657,,,,,,,,,,,,,,,,,,,,,,,,,,,,,,,,,,,,,,,,,,,,,,,,,,,,,,,,,,,,,,,,,,,,,,,,,,,,,,,,,,,,,,,
7051,9564,7161,7009,6927,7205,6904,9712,7036,10122,6716,4300,5929,6688,7465,10147,7019,10128,9965,0,10449,,,,,,,,,,,,,,,,,,,,,,,,,,,,,,,,,,,,,,,,,,,,,,,,,,,,,,,,,,,,,,,,,,,,,,,,,,,,,,,,,,,,,,
6909,7071,7035,7161,7036,7204,7019,7151,6927,7205,7051,7009,6716,4300,5929,6688,6737,6736,6904,6873,7273,7363,7270,7465,7482,9519,9523,7522,9564,9604,9809,9965,9712,10122,9870,10147,10449,10128,0,10148,10286,,,,,,,,,,,,,,,,,,,,,,,,,,,,,,,,,,,,,,,,,,,,,,,,,,,,,,,,,,,,,,,,,,
6873,7250,6909,7270,7079,7336,7204,7363,7134,7273,7091,7035,7071,7151,6649,6638,6730,6739,6737,6736,7482,7522,7494,9523,9519,9604,9540,9603,9809,9781,9783,9870,9981,9907,10083,10148,10343,10286,10466,0,0,18667,0,0,25083,,,,,,,,,,,,,,,,,,,,,,,,,,,,,,,,,,,,,,,,,,,,,,,,,,,,,,,,,,,,,,
7035,7164,7151,7240,6853,7045,6679,6723,7152,6976,7204,6813,7264,7259,6737,6736,7266,6873,7071,6909,7363,7318,7273,7270,7479,7493,7482,7496,7492,7518,9483,9387,9519,7522,9523,9543,9604,9625,9720,9698,9735,9809,9824,9832,9870,10037,10056,10148,10081,10227,10286,10324,10503,10428,10598,10657,10645,10708,10678,,,,,,,,,,,,,,,,,,,,,,,,,,,,,,,,,,,,,,,,,,,,,,,,
7206,7158,7281,7108,7530,7053,9434,9448,6756,6678,7008,9506,9660,7489,9991,10064,10210,10289,10315,10501,18492,10606,,,,,,,,,,,,,,,,,,,,,,,,,,,,,,,,,,,,,,,,,,,,,,,,,,,,,,,,,,,,,,,,,,,,,,,,,,,,,,,,,,,,,
7465,6904,9564,9965,9712,10122,7036,10128,7051,10147,7019,10449,7161,7205,6716,4300,5929,6688,6927,7009,,,,,,,,,,,,,,,,,,,,,,,,,,,,,,,,,,,,,,,,,,,,,,,,,,,,,,,,,,,,,,,,,,,,,,,,,,,,,,,,,,,,,,,
6736,6737,6873,7071,6909,7158,7079,7108,7206,7053,7250,6678,7008,7270,6730,6739,7091,6638,7204,7035,7281,7530,7336,9434,7273,9523,7494,7363,7482,7522,9519,9506,9540,9603,9604,9781,9660,9809,9783,9870,9991,9907,10064,9981,10083,10148,10210,10289,10286,10315,10343,10466,10501,10606,18492,18667,25083,,,,,,,,,,,,,,,,,,,,,,,,,,,,,,,,,,,,,,,,,,,,,,,,,,
7205,7161,9720,9387,7264,7240,7051,6976,9564,6723,6853,7259,9735,7318,6927,7009,6716,4300,9832,9625,10081,10037,10147,10227,10324,10428,10645,10503,10678,,,,,,,,,,,,,,,,,,,,,,,,,,,,,,,,,,,,,,,,,,,,,,,,,,,,,,,,,,,,,,,,,,,,,,,,,,,,,,
6688,6716,7465,7019,9483,7036,9712,6813,6679,7051,9965,7045,7152,7164,6904,7479,6927,9543,5929,4300,10122,10128,10449,10708,,,,,,,,,,,,,,,,,,,,,,,,,,,,,,,,,,,,,,,,,,,,,,,,,,,,,,,,,,,,,,,,,,,,,,,,,,,,,,,,,,,
9604,9523,6736,6737,6873,7071,7035,7522,7270,7363,7482,7151,7204,7273,9519,9809,9870,6909,0,10148,10286,,,,,,,,,,,,,,,,,,,,,,,,,,,,,,,,,,,,,,,,,,,,,,,,,,,,,,,,,,,,,,,,,,,,,,,,,,,,,,,,,,,,,,
7151,9809,7482,7273,6736,6737,6873,7071,6909,7522,10148,7363,9519,9523,7204,9870,7270,7035,9604,0,0,0,10286,,,,,,,,,,,,,,,,,,,,,,,,,,,,,,,,,,,,,,,,,,,,,,,,,,,,,,,,,,,,,,,,,,,,,,,,,,,,,,,,,,,,
7281,7489,7206,7158,9660,9448,7530,10064,9434,7108,9991,10289,6756,6678,7008,9506,10315,7053,10210,10606,10501,0,18492,,,,,,,,,,,,,,,,,,,,,,,,,,,,,,,,,,,,,,,,,,,,,,,,,,,,,,,,,,,,,,,,,,,,,,,,,,,,,,,,,,,,
6739,7091,7336,9981,7250,9907,7494,9603,9540,10083,9783,9781,7134,10466,10343,7079,6649,25083,6730,6638,0,0,0,18667,,,,,,,,,,,,,,,,,,,,,,,,,,,,,,,,,,,,,,,,,,,,,,,,,,,,,,,,,,,,,,,,,,,,,,,,,,,,,,,,,,,
6638,6730,7079,7091,7494,9783,7250,9907,7336,9603,9540,9981,10343,9781,18667,10466,7134,10083,6649,6739,0,25083,,,,,,,,,,,,,,,,,,,,,,,,,,,,,,,,,,,,,,,,,,,,,,,,,,,,,,,,,,,,,,,,,,,,,,,,,,,,,,,,,,,,,
9809,9604,9519,7363,7035,9523,6736,6737,6873,7071,6909,9870,7482,7522,7270,7273,7204,7151,0,0,0,10148,0,0,10286,,,,,,,,,,,,,,,,,,,,,,,,,,,,,,,,,,,,,,,,,,,,,,,,,,,,,,,,,,,,,,,,,,,,,,,,,,,,,,,,,,
7530,9448,9434,7489,7281,9506,7206,7158,9660,10064,10210,10315,9991,7053,6756,6678,7008,7108,10501,10289,0,0,0,10606,18492,,,,,,,,,,,,,,,,,,,,,,,,,,,,,,,,,,,,,,,,,,,,,,,,,,,,,,,,,,,,,,,,,,,,,,,,,,,,,,,,,,
4300,5929,7479,6927,7493,7051,7264,7036,7465,7318,6679,6976,6853,6813,7496,7240,6904,7009,6716,7259,7518,9387,9483,9543,9625,10056,9735,10081,9712,10122,10147,10128,10227,10324,10428,0,10645,10503,10598,,,,,,,,,,,,,,,,,,,,,,,,,,,,,,,,,,,,,,,,,,,,,,,,,,,,,,,,,,,,,,,,,,,,
9434,9506,9660,9448,9991,7489,7281,10289,7530,10315,10064,7158,7206,10501,10210,7108,6756,6678,7008,7053,10606,18492,,,,,,,,,,,,,,,,,,,,,,,,,,,,,,,,,,,,,,,,,,,,,,,,,,,,,,,,,,,,,,,,,,,,,,,,,,,,,,,,,,,,,
7264,7266,7492,7164,9824,9543,9832,7240,10503,9698,10657,6723,10678,6976,7152,7045,0,10037,0,9720,0,10708,,,,,,,,,,,,,,,,,,,,,,,,,,,,,,,,,,,,,,,,,,,,,,,,,,,,,,,,,,,,,,,,,,,,,,,,,,,,,,,,,,,,,
7053,7008,7108,9506,10210,9991,9660,10501,7281,7489,7530,9448,9434,10289,10315,7158,7206,10064,6756,6678,0,0,10606,18492,,,,,,,,,,,,,,,,,,,,,,,,,,,,,,,,,,,,,,,,,,,,,,,,,,,,,,,,,,,,,,,,,,,,,,,,,,,,,,,,,,,
7009,6649,4300,5929,6638,6716,6739,6730,7079,6904,7161,6927,7336,7036,7250,7051,9712,7091,7019,6688,7134,7465,9564,7205,9540,9783,9781,9981,7494,9603,10083,9907,9965,10128,10122,10343,10466,10147,10449,25083,0,0,0,18667,,,,,,,,,,,,,,,,,,,,,,,,,,,,,,,,,,,,,,,,,,,,,,,,,,,,,,,,,,,,,,,
6678,10064,7053,10289,10315,0,9991,0,10210,9506,9434,0,7281,0,9660,0,0,0,18492,7158,,,,,,,,,,,,,,,,,,,,,,,,,,,,,,,,,,,,,,,,,,,,,,,,,,,,,,,,,,,,,,,,,,,,,,,,,,,,,,,,,,,,,,,
7108,6756,6678,7008,7053,7259,7158,7266,7240,7281,7264,7164,6679,6723,6853,6813,7152,6976,7206,7045,7489,7479,7492,7318,7493,7496,7518,9387,7530,9434,9543,9448,9483,9506,9625,9698,9735,9720,9660,9824,10056,9832,9991,10037,10064,10227,10081,10315,10210,10289,10501,10428,10598,10324,10503,10606,10678,10657,10645,10708,0,0,18492,,,,,,,,,,,,,,,,,,,,,,,,,,,,,,,,,,,,,,,,,,,,
7518,7019,6688,7479,9965,10708,9483,0,10449,0,0,0,0,7045,6679,0,0,6813,7152,7164,,,,,,,,,,,,,,,,,,,,,,,,,,,,,,,,,,,,,,,,,,,,,,,,,,,,,,,,,,,,,,,,,,,,,,,,,,,,,,,,,,,,,,,
9735,7259,10081,9625,6688,7019,10449,7318,10645,9387,0,10037,0,10227,0,10324,6853,10428,,,,,,,,,,,,,,,,,,,,,,,,,,,,,,,,,,,,,,,,,,,,,,,,,,,,,,,,,,,,,,,,,,,,,,,,,,,,,,,,,,,,,,,,,
7079,6927,6638,6649,4300,5929,6678,6716,6688,6730,6739,6756,7009,6904,7053,7008,7161,7019,7036,7051,7091,7108,7134,7158,7205,7281,7206,7336,7250,7465,7530,7489,7494,9434,9448,9603,9540,9506,9564,9660,9783,9965,9712,9781,9907,9981,9991,10064,10122,10083,10315,10289,10147,10128,10210,10501,10343,10466,10449,18667,25083,10606,0,0,18492,,,,,,,,,,,,,,,,,,,,,,,,,,,,,,,,,,,,,,,,,,
7336,7204,6739,6730,7151,6649,6638,7091,6736,6737,6873,7071,6909,7482,7035,7270,7250,7273,7134,7079,7494,9519,7363,9540,7522,9809,9603,9870,9523,10083,9604,9781,9783,9981,9907,10286,10148,10343,18667,0,0,10466,0,25083,,,,,,,,,,,,,,,,,,,,,,,,,,,,,,,,,,,,,,,,,,,,,,,,,,,,,,,,,,,,,,,
9712,7036,7009,6716,9564,6904,4300,5929,9965,6927,6688,7019,7465,7051,10122,7205,10147,7161,10449,10128,,,,,,,,,,,,,,,,,,,,,,,,,,,,,,,,,,,,,,,,,,,,,,,,,,,,,,,,,,,,,,,,,,,,,,,,,,,,,,,,,,,,,,,
7158,7206,9991,6756,6678,7008,7053,10210,7108,10289,9660,10064,7530,9448,9434,7489,10501,9506,7281,10315,0,0,0,0,10606,0,18492,,,,,,,,,,,,,,,,,,,,,,,,,,,,,,,,,,,,,,,,,,,,,,,,,,,,,,,,,,,,,,,,,,,,,,,,,,,,,,,,
10056,7493,10147,7496,7009,9720,7518,9543,0,10503,0,7240,10598,0,0,6723,7264,0,0,6976,,,,,,,,,,,,,,,,,,,,,,,,,,,,,,,,,,,,,,,,,,,,,,,,,,,,,,,,,,,,,,,,,,,,,,,,,,,,,,,,,,,,,,,
7273,7270,7522,6904,7108,6756,6688,6927,4300,5929,6678,6716,6736,6737,6873,7019,6909,7008,7009,7206,7036,7035,7051,7053,7071,7151,7161,7158,7204,7205,7281,7363,7465,7489,7482,9448,7530,9519,9434,9506,9564,9523,9870,9660,9604,9991,9712,9809,9965,10128,10122,10064,10210,10289,10147,10148,10286,10449,10315,10501,0,18492,0,10606,,,,,,,,,,,,,,,,,,,,,,,,,,,,,,,,,,,,,,,,,,,
9483,7318,9735,7493,7518,7496,10081,7259,10056,7479,10324,9625,0,9387,10598,10428,6679,10227,6853,6813,10645,,,,,,,,,,,,,,,,,,,,,,,,,,,,,,,,,,,,,,,,,,,,,,,,,,,,,,,,,,,,,,,,,,,,,,,,,,,,,,,,,,,,,,
10037,7281,7205,7522,7273,9809,9604,7479,7035,6716,10289,10148,6873,7240,10428,7259,10606,0,7250,,,,,,,,,,,,,,,,,,,,,,,,,,,,,,,,,,,,,,,,,,,,,,,,,,,,,,,,,,,,,,,,,,,,,,,,,,,,,,,,,,,,,,,,
7492,7465,9783,7206,10056,9698,6909,9720,7053,10466,7079,5929,7151,9603,10708,9781,10598,6723,7264,10083,0,0,0,0,0,18667,0,0,18492,,,,,,,,,,,,,,,,,,,,,,,,,,,,,,,,,,,,,,,,,,,,,,,,,,,,,,,,,,,,,,,,,,,,,,,,,,,,,,
7494,7134,9540,7250,6739,6730,9783,6649,6638,7091,10343,10083,7079,9907,10466,9603,7336,9781,18667,9981,0,0,0,25083,,,,,,,,,,,,,,,,,,,,,,,,,,,,,,,,,,,,,,,,,,,,,,,,,,,,,,,,,,,,,,,,,,,,,,,,,,,,,,,,,,,
6813,6853,9483,10227,9625,9387,10428,7496,7518,7493,9735,7479,10056,10324,10081,7318,10645,7259,6679,10598,,,,,,,,,,,,,,,,,,,,,,,,,,,,,,,,,,,,,,,,,,,,,,,,,,,,,,,,,,,,,,,,,,,,,,,,,,,,,,,,,,,,,,,
9506,9434,7158,7281,7270,7091,7108,6756,6678,6649,6638,7206,6739,7250,7151,9448,7273,7363,7494,7489,9660,9781,9783,9981,9991,10083,10210,10343,9540,10289,25083,10466,0,18667,,,,,,,,,,,,,,,,,,,,,,,,,,,,,,,,,,,,,,,,,,,,,,,,,,,,,,,,,,,,,,,,,,,,,,,,,
7259,7492,7363,7204,7482,7206,7151,7250,6739,6756,6736,6730,7035,7496,6909,6737,7489,7266,7336,6723,7522,9523,7530,9448,9603,9625,9720,9519,9824,9698,9907,9832,9809,9870,10037,10083,10056,10657,10148,10286,10343,0,10678,,,,,,,,,,,,,,,,,,,,,,,,,,,,,,,,,,,,,,,,,,,,,,,,,,,,,,,,,,,,,,,,
9540,7336,7494,7134,9519,18667,0,7204,7151,9523,0,6649,6638,6730,6736,9907,6739,,,,,,,,,,,,,,,,,,,,,,,,,,,,,,,,,,,,,,,,,,,,,,,,,,,,,,,,,,,,,,,,,,,,,,,,,,,,,,,,,,,,,,,,,,
7489,7051,9506,7036,7205,7161,9540,7008,9603,7019,4300,7336,6678,5929,6638,6649,6688,6716,6739,6730,6756,7009,6904,7079,6927,7053,7091,7108,7134,7158,7206,7465,7250,7494,7281,9564,9434,9448,7530,9781,9660,9981,9783,9907,9712,9965,10064,9991,10083,10147,10128,10210,10122,10343,10315,10289,10466,10606,10501,10449,18667,0,0,18492,25083,,,,,,,,,,,,,,,,,,,,,,,,,,,,,,,,,,,,,,,,,,
9965,10128,9712,7051,10122,6927,7009,6904,7205,7036,7465,7161,4300,6716,6688,5929,0,9564,10147,7019,0,0,0,0,10449,,,,,,,,,,,,,,,,,,,,,,,,,,,,,,,,,,,,,,,,,,,,,,,,,,,,,,,,,,,,,,,,,,,,,,,,,,,,,,,,,,
6723,7264,6976,9543,7045,7266,7205,7019,7009,9564,7492,6904,6688,6927,4300,6716,9698,5929,7465,7036,7051,7164,7152,7240,7161,9712,9832,9720,9965,9824,10122,10037,10128,10449,10147,10657,0,10708,10678,10503,,,,,,,,,,,,,,,,,,,,,,,,,,,,,,,,,,,,,,,,,,,,,,,,,,,,,,,,,,,,,,,,,,,
9870,6679,9907,6853,9506,10128,10227,9523,9735,7008,7009,7036,7108,7019,7518,6904,10657,7318,6688,7496,0,10286,0,10503,,,,,,,,,,,,,,,,,,,,,,,,,,,,,,,,,,,,,,,,,,,,,,,,,,,,,,,,,,,,,,,,,,,,,,,,,,,,,,,,,,,
10122,0,9965,7465,10147,0,0,7051,9712,7161,9564,10128,10449,0,0,0,4300,0,0,5929,6716,6688,6927,7009,6904,7205,7019,0,7036,,,,,,,,,,,,,,,,,,,,,,,,,,,,,,,,,,,,,,,,,,,,,,,,,,,,,,,,,,,,,,,,,,,,,,,,,,,,,,
7363,7479,6813,7482,7496,6853,7493,7161,7522,7204,7494,6737,7518,7071,6739,6730,6736,7250,4300,6716,5929,6638,6649,6688,6679,6873,6904,6909,6927,7009,7019,7035,7036,7079,7051,7151,7091,7205,7134,7259,7270,7273,7336,7318,7465,9387,9483,9523,9519,9540,9564,9603,9604,9625,9712,9781,9735,9809,9783,9870,9965,9907,10056,9981,10081,10083,10122,10128,10147,10148,10286,10227,10343,10324,10428,10466,10449,10645,10598,18667,25083,,,,,,,,,,,,,,,,,,,,,,,,,,
6976,7152,9824,7264,10037,7465,9965,9698,10122,9543,7205,7051,9564,7161,7009,6927,7492,6904,10128,7240,6688,4300,5929,6723,6716,7045,7036,7164,7019,7266,10449,9720,10147,9832,9712,10678,10503,0,10657,10708,,,,,,,,,,,,,,,,,,,,,,,,,,,,,,,,,,,,,,,,,,,,,,,,,,,,,,,,,,,,,,,,,,,
9448,7494,7489,7336,7158,7134,9506,7206,9781,7250,7053,7281,9603,6649,6678,7530,6638,6730,7079,9434,7008,6739,6756,7108,7091,9540,9660,9783,9907,10064,9981,10210,10083,10343,9991,10466,10315,10289,10501,10606,18667,25083,0,0,18492,,,,,,,,,,,,,,,,,,,,,,,,,,,,,,,,,,,,,,,,,,,,,,,,,,,,,,,,,,,,,,
9991,9387,10343,10064,10081,7270,25083,10324,9483,10449,9712,0,0,0,7482,0,9519,7164,6638,0,6649,6678,6736,4300,7530,,,,,,,,,,,,,,,,,,,,,,,,,,,,,,,,,,,,,,,,,,,,,,,,,,,,,,,,,,,,,,,,,,,,,,,,,,,,,,,,,,
9603,9712,9781,7494,9783,7250,9907,7336,9981,7465,10083,10122,7205,10128,9564,7036,9965,6649,9540,6927,4300,6716,6688,6638,5929,6739,6730,7009,6904,7019,7051,7079,7091,7161,7134,18667,25083,0,0,10147,10449,0,10343,10466,,,,,,,,,,,,,,,,,,,,,,,,,,,,,,,,,,,,,,,,,,,,,,,,,,,,,,,,,,,,,,,
10147,9965,10122,9564,10449,0,0,7465,0,10128,0,0,9712,0,7205,0,7009,6927,0,0,6904,5929,4300,6716,6688,7019,7051,7036,7161,,,,,,,,,,,,,,,,,,,,,,,,,,,,,,,,,,,,,,,,,,,,,,,,,,,,,,,,,,,,,,,,,,,,,,,,,,,,,,
10081,7496,7259,6679,6813,9625,10598,6853,10227,10324,7518,7493,9483,10645,9735,9387,10056,7479,10428,7318,,,,,,,,,,,,,,,,,,,,,,,,,,,,,,,,,,,,,,,,,,,,,,,,,,,,,,,,,,,,,,,,,,,,,,,,,,,,,,,,,,,,,,,
7318,7518,7493,9735,7259,6679,6813,7281,7158,6853,7108,7008,7053,6756,7530,7206,6678,7489,7496,7479,9434,9506,9448,9387,9483,9991,10056,9625,9660,10227,10064,10324,10081,10428,10210,10598,10501,18492,10315,10289,10645,0,0,10606,,,,,,,,,,,,,,,,,,,,,,,,,,,,,,,,,,,,,,,,,,,,,,,,,,,,,,,,,,,,,,,
10286,7482,9604,9809,9870,10148,10501,7134,0,10606,0,0,0,7008,0,7071,6873,6737,6909,7522,,,,,,,,,,,,,,,,,,,,,,,,,,,,,,,,,,,,,,,,,,,,,,,,,,,,,,,,,,,,,,,,,,,,,,,,,,,,,,,,,,,,,,,
7266,7530,7273,7152,6976,7264,7489,7270,6813,7206,7151,7250,7158,7281,7493,6756,7482,7045,6678,6649,6638,6723,6679,5929,4300,6736,6716,6737,6730,6739,6904,6873,6927,6909,7008,7009,7036,7035,7051,7053,7071,7079,7091,7108,7134,7164,7161,7205,7204,7240,7336,7363,7465,7479,7492,7496,7494,7522,7518,9434,9483,9448,9519,9506,9523,9543,9540,9603,9564,9604,9660,9698,9712,9720,9781,9809,9783,9832,9824,9870,9965,9907,9991,9981,10056,10064,10122,10083,10147,10128,10210,10148,10286,10289,10315,10466,10343,10503,10501,10598,10678,10606,10708,10657,18492,18667,25083
7045,9543,6723,9720,7164,7152,7240,7264,7266,9832,10037,10503,9824,9698,10657,6976,0,10678,7492,0,10708,,,,,,,,,,,,,,,,,,,,,,,,,,,,,,,,,,,,,,,,,,,,,,,,,,,,,,,,,,,,,,,,,,,,,,,,,,,,,,,,,,,,,,
7479,9625,7318,10056,10598,10227,7259,6679,0,10428,6813,6853,10081,7493,9483,7496,7518,9387,9735,10324,0,0,10645,,,,,,,,,,,,,,,,,,,,,,,,,,,,,,,,,,,,,,,,,,,,,,,,,,,,,,,,,,,,,,,,,,,,,,,,,,,,,,,,,,,,
9660,10289,10064,7530,7489,7281,10210,10606,9991,10501,7158,18492,10315,9506,7108,0,9434,0,0,9448,7206,7053,7008,6678,6756,,,,,,,,,,,,,,,,,,,,,,,,,,,,,,,,,,,,,,,,,,,,,,,,,,,,,,,,,,,,,,,,,,,,,,,,,,,,,,,,,,
10064,9519,10083,9523,10343,7363,10315,7482,7489,7134,10501,7204,10210,7206,7158,7250,7108,6756,7151,6737,6678,6736,6730,6873,6649,7035,7008,7053,7071,7079,7270,7273,7281,7530,7336,9907,7494,9603,10606,9448,0,18492,18667,0,0,0,25083,,,,,,,,,,,,,,,,,,,,,,,,,,,,,,,,,,,,,,,,,,,,,,,,,,,,,,,,,,,,
9625,10210,7045,10678,7363,7494,9448,9564,10147,7336,10315,0,10501,7204,9965,7266,7158,7493,0,6756,6737,6927,7091,6976,7134,,,,,,,,,,,,,,,,,,,,,,,,,,,,,,,,,,,,,,,,,,,,,,,,,,,,,,,,,,,,,,,,,,,,,,,,,,,,,,,,,,
7164,9698,7240,7492,6723,9832,6976,7152,7045,7264,7266,9720,10708,10037,9824,9543,0,10503,10657,10678,,,,,,,,,,,,,,,,,,,,,,,,,,,,,,,,,,,,,,,,,,,,,,,,,,,,,,,,,,,,,,,,,,,,,,,,,,,,,,,,,,,,,,,
